﻿{
  "Primary": {
    "Button": {
      "BackColor": "red",
      "FlatAppearance": {
        "BorderColor": "green",
        "BorderSize": 10
      }
    }
  },
  "@btnDel": {
    "BackColor": "Empty",
    "ForeColor": "white",
    "FlatStyle": 0,
    "Font": "Microsoft Sans Serif, 8.25pt",
    "FlatAppearance": {
      "BorderColor": "crimson",
      "BorderSize": 2
    }
  },
  "TextBox": {
    "BackColor": "#1B1E29",
    "BorderStyle": "Single",
    "ForeColor": "white",
    "Font": "Segoe UI Semibold, 12pt, style=Bold"
  },
  "Button": {
    "BackColor": "Empty",
    "ForeColor": "white",
    "FlatStyle": 0,
    "Font": "Microsoft Sans Serif, 8.25pt",
    "FlatAppearance": {
      "BorderColor": "#005892",
      "BorderSize": 2
    }

  },
  "Form": {
    "BackColor": "#292D3E",
    "ForeColor": "white"
  },
  "CheckBox": {
    "Text": "✔",
    "FlatStyle": 0,
    "Appearance": 1,
    "ForeColor": "#292D3E",
    "TextAlign": "MiddleCenter",
    "UseVisualStyleBackColor": true,
    "Font": "Microsoft Sans Serif, 5pt",
    "FlatAppearance": {
      "BorderColor": "#005892",
      "BorderSize": 2,
      "CheckedBackColor": "#005892"
    }
  },
  "DataGridView": {
    "BackgroundColor": "#292D3E",
    "BorderStyle": "None",
    "CellBorderStyle": "None",
    "ForeColor": "White",
    "ColumnHeadersBorderStyle": "None",
    "EnableHeadersVisualStyles": false,
    "AutoSizeColumnsMode": "Fill",
    "RowHeadersBorderStyle": "None",
    "ColumnHeadersHeight": 50,
    "SelectionMode": "FullRowSelect",
    "ColumnHeadersHeightSizeMode": "EnableResizing",
    "AlternatingRowsDefaultCellStyle": {
      "BackColor": "#292D3E",
      "ForeColor": "Empty",
      "SelectionBackColor": "Empty",
      "SelectionForeColor": "Empty"
    },
    "DefaultCellStyle": {
      "BackColor": "#2B2B44",
      "SelectionBackColor": "#1C1C2D",
      "SelectionForeColor": "White"
    },
    "ColumnHeadersDefaultCellStyle": {
      "BackColor": "#005892",
      "ForeColor": "White",
      "SelectionBackColor": "#2B2B44",
      "SelectionForeColor": "White"
    },
    "RowHeadersDefaultCellStyle": {
      "BackColor": "#2B2B44",
      "ForeColor": "white",
      "SelectionBackColor": "#1C1C2D",
      "SelectionForeColor": "Black"
    },
    "RowTemplate": {
      "Height": 50

    }
  }
}